{
  "id": "",
  "name": "",
  "font_family": "iconfont",
  "css_prefix_text": "icon-",
  "description": "",
  "glyphs": [
    {
      "icon_id": "7111669",
      "name": "x_nav_产品与服务",
      "font_class": "x_nav_chanpinyufuwu",
      "unicode": "e66e",
      "unicode_decimal": 58990
    },
    {
      "icon_id": "7111680",
      "name": "x_nav_数据资产",
      "font_class": "x_nav_shujuzichan",
      "unicode": "e670",
      "unicode_decimal": 58992
    },
    {
      "icon_id": "7111683",
      "name": "x_nav_指标列表",
      "font_class": "x_nav_zhibiaoliebiao",
      "unicode": "e671",
      "unicode_decimal": 58993
    },
    {
      "icon_id": "7111685",
      "name": "x_nav_项目列表",
      "font_class": "x_nav_xiangmuliebiao",
      "unicode": "e672",
      "unicode_decimal": 58994
    },
    {
      "icon_id": "7111686",
      "name": "x_nav_统计汇总",
      "font_class": "x_nav_tongjihuizong",
      "unicode": "e673",
      "unicode_decimal": 58995
    },
    {
      "icon_id": "7163121",
      "name": "x_菜单",
      "font_class": "x_caidan",
      "unicode": "e683",
      "unicode_decimal": 59011
    },
    {
      "icon_id": "7163122",
      "name": "x_标签1",
      "font_class": "x_biaoqian",
      "unicode": "e684",
      "unicode_decimal": 59012
    },
    {
      "icon_id": "7163124",
      "name": "x_材价",
      "font_class": "x_caijia",
      "unicode": "e685",
      "unicode_decimal": 59013
    },
    {
      "icon_id": "7163145",
      "name": "x_导出",
      "font_class": "x_daochu",
      "unicode": "e689",
      "unicode_decimal": 59017
    },
    {
      "icon_id": "7163146",
      "name": "x_垃圾桶",
      "font_class": "x_lajitong",
      "unicode": "e68a",
      "unicode_decimal": 59018
    },
    {
      "icon_id": "7163147",
      "name": "x_导入",
      "font_class": "x_daoru",
      "unicode": "e68b",
      "unicode_decimal": 59019
    },
    {
      "icon_id": "7163151",
      "name": "x_浮动回归",
      "font_class": "x_fudonghuigui",
      "unicode": "e68c",
      "unicode_decimal": 59020
    },
    {
      "icon_id": "7163153",
      "name": "x_分享",
      "font_class": "x_fenxiang",
      "unicode": "e68d",
      "unicode_decimal": 59021
    },
    {
      "icon_id": "7163154",
      "name": "x_复选框",
      "font_class": "x_fuxuankuang",
      "unicode": "e68e",
      "unicode_decimal": 59022
    },
    {
      "icon_id": "7163155",
      "name": "x_复选框选中",
      "font_class": "x_fuxuankuangxuanzhong",
      "unicode": "e68f",
      "unicode_decimal": 59023
    },
    {
      "icon_id": "7163157",
      "name": "x_工具扳手",
      "font_class": "x_gongjubanshou",
      "unicode": "e690",
      "unicode_decimal": 59024
    },
    {
      "icon_id": "7163159",
      "name": "x_关闭叉",
      "font_class": "x_guanbicha",
      "unicode": "e691",
      "unicode_decimal": 59025
    },
    {
      "icon_id": "7163160",
      "name": "x_反馈线",
      "font_class": "x_fankuixian",
      "unicode": "e692",
      "unicode_decimal": 59026
    },
    {
      "icon_id": "7163162",
      "name": "x_箭头下",
      "font_class": "x_jiantouxia",
      "unicode": "e693",
      "unicode_decimal": 59027
    },
    {
      "icon_id": "7163164",
      "name": "x_价格",
      "font_class": "x_jiage",
      "unicode": "e694",
      "unicode_decimal": 59028
    },
    {
      "icon_id": "7163167",
      "name": "x_关注2",
      "font_class": "x_guanzhu",
      "unicode": "e695",
      "unicode_decimal": 59029
    },
    {
      "icon_id": "7163169",
      "name": "x_箭头上",
      "font_class": "x_jiantoushang",
      "unicode": "e696",
      "unicode_decimal": 59030
    },
    {
      "icon_id": "7163172",
      "name": "x_箭头左",
      "font_class": "x_jiantouzuo",
      "unicode": "e697",
      "unicode_decimal": 59031
    },
    {
      "icon_id": "7163173",
      "name": "x_管理",
      "font_class": "x_guanli",
      "unicode": "e698",
      "unicode_decimal": 59032
    },
    {
      "icon_id": "7163176",
      "name": "x_解锁",
      "font_class": "x_jiesuo",
      "unicode": "e699",
      "unicode_decimal": 59033
    },
    {
      "icon_id": "7163177",
      "name": "x_加入",
      "font_class": "x_jiaru",
      "unicode": "e69a",
      "unicode_decimal": 59034
    },
    {
      "icon_id": "7163178",
      "name": "x_禁止",
      "font_class": "x_jinzhi",
      "unicode": "e69b",
      "unicode_decimal": 59035
    },
    {
      "icon_id": "7163185",
      "name": "x_链接",
      "font_class": "x_lianjie",
      "unicode": "e69c",
      "unicode_decimal": 59036
    },
    {
      "icon_id": "7163190",
      "name": "x_模块",
      "font_class": "x_mokuai",
      "unicode": "e69d",
      "unicode_decimal": 59037
    },
    {
      "icon_id": "7163192",
      "name": "x_清单",
      "font_class": "x_qingdan",
      "unicode": "e69e",
      "unicode_decimal": 59038
    },
    {
      "icon_id": "7163193",
      "name": "x_列表",
      "font_class": "x_liebiao",
      "unicode": "e69f",
      "unicode_decimal": 59039
    },
    {
      "icon_id": "7163195",
      "name": "x_区域",
      "font_class": "x_quyu",
      "unicode": "e6a0",
      "unicode_decimal": 59040
    },
    {
      "icon_id": "7163200",
      "name": "x_筛选",
      "font_class": "x_shaixuan",
      "unicode": "e6a1",
      "unicode_decimal": 59041
    },
    {
      "icon_id": "7163210",
      "name": "x_权重不回归",
      "font_class": "x_quanzhongbuhuigui",
      "unicode": "e6a2",
      "unicode_decimal": 59042
    },
    {
      "icon_id": "7163224",
      "name": "x_头像",
      "font_class": "x_touxiang",
      "unicode": "e6a3",
      "unicode_decimal": 59043
    },
    {
      "icon_id": "7163233",
      "name": "x_推车",
      "font_class": "x_tuiche",
      "unicode": "e6a4",
      "unicode_decimal": 59044
    },
    {
      "icon_id": "7163237",
      "name": "x_下载2",
      "font_class": "x_xiazai",
      "unicode": "e6a5",
      "unicode_decimal": 59045
    },
    {
      "icon_id": "7163250",
      "name": "x_消息",
      "font_class": "x_xiaoxi",
      "unicode": "e6a6",
      "unicode_decimal": 59046
    },
    {
      "icon_id": "7163253",
      "name": "x_用户",
      "font_class": "x_yonghu",
      "unicode": "e6a7",
      "unicode_decimal": 59047
    },
    {
      "icon_id": "7163256",
      "name": "x_资源",
      "font_class": "x_ziyuan",
      "unicode": "e6a8",
      "unicode_decimal": 59048
    }
  ]
}
